Source,ddof1,ddof2,F,p-unc,np2,sig
phase,2,158,3.1825364007413963,0.04415262118200128,0.03872521511410404,*
condition,1,79,2.8555941014283004,0.09499940205311884,0.034885753781102584,~
phase * condition,2,158,1.3948751542480822,0.2508992522027802,0.0173502994011973,
