,phase,T,dof,tail,p-val,cohen-d,BF10,sig
0,1,0.47459399296453125,78,two-sided,0.6364024587585111,0.0422181953948753,0.276,
1,2,7.26064148607561,82,two-sided,1.994332805874865e-10,0.7317259375817129,98040000.0,***
2,3,1.8872628999912524,79,two-sided,0.06279790245521737,0.15525043469436908,1.33,~
