,confidence,W,pval,normal
0,Low_and_High,0.9942059516906738,0.07259348779916763,True
1,High,0.9791773557662964,3.0546409561793553e-06,False
