phase,,T,dof,tail,p-val,cohen-d,BF10,sig
1,T-test,1.2765205128338741,79,two-sided,0.20551137509073353,0.1372641170839146,0.269,
2,T-test,4.889778638564906,79,two-sided,5.207998700643056e-06,0.5234066898839623,3111.661,***
3,T-test,3.3185833844902186,79,two-sided,0.0013700698408521596,0.3317554248952702,18.207,**
