,confidence,W,pval,normal
0,Low_and_High,0.9946522116661072,0.08036760240793228,True
1,High,0.9727066159248352,5.186196005979582e-08,False
