,phase,T,dof,tail,p-val,cohen-d,BF10,sig
0,1,3.23428495022778,77,two-sided,0.0017974447508483993,0.2873458604742059,28.8,**
1,2,6.075290054631269,79,two-sided,4.1024810419918355e-08,0.6856108574315412,605800.0,***
2,3,3.883629299946944,79,two-sided,0.00021246961342693331,0.4087794412244667,198.564,***
