Source,ddof1,ddof2,F,p-unc,np2
phase,2,164,18.195361495885475,7.298461843150454e-08,0.1815988407470606
condition,1,82,17.61500742140059,6.816003845763792e-05,0.17683085990129943
phase * condition,2,164,10.18568234649645,6.765984152746681e-05,0.11049093619778971
