,confidence,W,pval,normal
0,Low_and_High,0.9974629282951355,0.6802681088447571,True
1,High,0.9760251045227051,4.3127369053763687e-07,False
