phase,,T,dof,tail,p-val,cohen-d,BF10,sig
1,T-test,1.3661151524654844,82,two-sided,0.17563776199711503,0.13745537019606768,0.296,
2,T-test,5.7494522304016025,82,two-sided,1.4845073988498904e-07,0.5767323631121035,8.847e+04,***
3,T-test,1.7099246601864495,82,two-sided,0.09106140506834397,0.16533545377608902,0.487,
